{"cameraMode":{"drawMode":0,"name":"Shaded","section":"Shading Mode"},"sceneLighting":false,"audioPlay":false,"sceneViewState":{"m_AlwaysRefresh":false,"showFog":true,"showSkybox":false,"showFlares":true,"showImageEffects":true,"showParticleSystems":true,"showVisualEffectGraphs":true,"m_FxEnabled":true},"in2DMode":false,"pivot":{"x":0.08065366744995117,"y":0.06217026710510254,"z":-0.02029728889465332},"rotation":{"x":0.3056330978870392,"y":-0.17768996953964234,"z":0.05801796913146973,"w":0.9337276220321655},"size":3.4106428623199465,"orthographic":false}