{"cameraMode":{"drawMode":0,"name":"Shaded","section":"Shading Mode"},"sceneLighting":false,"audioPlay":false,"sceneViewState":{"m_AlwaysRefresh":false,"showFog":true,"showSkybox":true,"showFlares":true,"showImageEffects":true,"showParticleSystems":true,"showVisualEffectGraphs":true,"m_FxEnabled":true},"in2DMode":false,"pivot":{"x":-5.992514610290527,"y":0.9087541103363037,"z":-14.09284782409668},"rotation":{"x":0.06376199424266815,"y":-0.04296319931745529,"z":0.0020883502438664438,"w":0.9974347949028015},"size":0.23158876597881318,"orthographic":false}