{"cameraMode":{"drawMode":0,"name":"Shaded","section":"Shading Mode"},"sceneLighting":false,"audioPlay":false,"sceneViewState":{"m_AlwaysRefresh":false,"showFog":true,"showSkybox":true,"showFlares":true,"showImageEffects":true,"showParticleSystems":true,"showVisualEffectGraphs":true,"m_FxEnabled":true},"in2DMode":false,"pivot":{"x":12.477160453796387,"y":-13.976373672485352,"z":-1.1800432205200196},"rotation":{"x":0.3076566457748413,"y":0.3747929036617279,"z":-0.11906874179840088,"w":0.8687955737113953},"size":13.724173545837403,"orthographic":false}