{"cameraMode":{"drawMode":0,"name":"Shaded","section":"Shading Mode"},"sceneLighting":false,"audioPlay":false,"sceneViewState":{"m_AlwaysRefresh":false,"showFog":true,"showSkybox":true,"showFlares":true,"showImageEffects":true,"showParticleSystems":true,"showVisualEffectGraphs":true,"m_FxEnabled":true},"in2DMode":false,"pivot":{"x":-27.264501571655275,"y":12.494833946228028,"z":11.396819114685059},"rotation":{"x":-0.08941002190113068,"y":-0.8933374285697937,"z":0.20696063339710236,"w":-0.38975033164024355},"size":0.23158876597881318,"orthographic":false}