{"cameraMode":{"drawMode":0,"name":"Shaded","section":"Shading Mode"},"sceneLighting":false,"audioPlay":false,"sceneViewState":{"m_AlwaysRefresh":false,"showFog":true,"showSkybox":true,"showFlares":true,"showImageEffects":true,"showParticleSystems":true,"showVisualEffectGraphs":true,"m_FxEnabled":true},"in2DMode":false,"pivot":{"x":-2.3323590755462648,"y":0.9510341882705689,"z":-15.908397674560547},"rotation":{"x":0.05956893414258957,"y":-0.31542667746543887,"z":0.019808148965239526,"w":0.9470248818397522},"size":0.08270564675331116,"orthographic":false}