{"cameraMode":{"drawMode":0,"name":"Shaded","section":"Shading Mode"},"sceneLighting":false,"audioPlay":false,"sceneViewState":{"m_AlwaysRefresh":false,"showFog":true,"showSkybox":true,"showFlares":true,"showImageEffects":true,"showParticleSystems":true,"showVisualEffectGraphs":true,"m_FxEnabled":true},"in2DMode":false,"pivot":{"x":23.786998748779298,"y":-2.2794947624206545,"z":18.087696075439454},"rotation":{"x":0.07460905611515045,"y":0.01266714371740818,"z":0.007213423028588295,"w":-0.998110830783844},"size":1.511462926864624,"orthographic":false}