{"cameraMode":{"drawMode":0,"name":"Shaded","section":"Shading Mode"},"sceneLighting":true,"audioPlay":false,"sceneViewState":{"m_AlwaysRefresh":false,"showFog":true,"showSkybox":true,"showFlares":true,"showImageEffects":true,"showParticleSystems":true,"showVisualEffectGraphs":true,"m_FxEnabled":true},"in2DMode":false,"pivot":{"x":3.3738019466400148,"y":6.3352742195129398,"z":-19.43679428100586},"rotation":{"x":-0.1910509169101715,"y":0.4299892783164978,"z":-0.09345637261867523,"w":-0.8774959444999695},"size":0.014502272009849549,"orthographic":false}