{"cameraMode":{"drawMode":0,"name":"Shaded","section":"Shading Mode"},"sceneLighting":false,"audioPlay":false,"sceneViewState":{"m_AlwaysRefresh":false,"showFog":true,"showSkybox":true,"showFlares":true,"showImageEffects":true,"showParticleSystems":true,"showVisualEffectGraphs":true,"m_FxEnabled":true},"in2DMode":false,"pivot":{"x":0.040178753435611728,"y":-1.592728853225708,"z":-22.03644561767578},"rotation":{"x":0.02760607935488224,"y":0.9795941114425659,"z":-0.18170462548732758,"w":0.10146848112344742},"size":6.607396125793457,"orthographic":false}