{"cameraMode":{"drawMode":0,"name":"Shaded","section":"Shading Mode"},"sceneLighting":false,"audioPlay":false,"sceneViewState":{"m_AlwaysRefresh":false,"showFog":true,"showSkybox":true,"showFlares":true,"showImageEffects":true,"showParticleSystems":true,"showVisualEffectGraphs":true,"m_FxEnabled":true},"in2DMode":false,"pivot":{"x":-0.8823457956314087,"y":-0.013887399807572365,"z":14.756296157836914},"rotation":{"x":0.1038433238863945,"y":0.5579366683959961,"z":-0.07149431854486466,"w":0.8211966156959534},"size":1.511462926864624,"orthographic":false}