{"cameraMode":{"drawMode":0,"name":"Shaded","section":"Shading Mode"},"sceneLighting":false,"audioPlay":false,"sceneViewState":{"m_AlwaysRefresh":false,"showFog":true,"showSkybox":false,"showFlares":true,"showImageEffects":true,"showParticleSystems":true,"showVisualEffectGraphs":true,"m_FxEnabled":true},"in2DMode":false,"pivot":{"x":-0.2074141502380371,"y":0.018917322158813478,"z":0.07447052001953125},"rotation":{"x":0.3308348059654236,"y":-0.12600257992744447,"z":0.04447558522224426,"w":0.9342869520187378},"size":4.5638651847839359,"orthographic":false}