{"cameraMode":{"drawMode":0,"name":"Shaded","section":"Shading Mode"},"sceneLighting":false,"audioPlay":false,"sceneViewState":{"m_AlwaysRefresh":false,"showFog":true,"showSkybox":false,"showFlares":true,"showImageEffects":true,"showParticleSystems":true,"showVisualEffectGraphs":true,"m_FxEnabled":true},"in2DMode":false,"pivot":{"x":0.04015851020812988,"y":-0.12752866744995118,"z":0.19236129522323609},"rotation":{"x":0.3308348059654236,"y":-0.12600257992744447,"z":0.04447558522224426,"w":0.9342869520187378},"size":3.360640048980713,"orthographic":false}